xx,Site,Season,Date,Time,Depth,Towdist,Towarea,SGcont,perTha,perSyr,perOSG,perTotSG,lenTha,lenSyr,lenOSG,perSand,perAlgae,volAlgae,denAlgae,Secchi,Landist,Edgedist,1*Lhab,2*Lhab,Long,Lat,Segment (BB vs SC),Salinity,Conduct,DO,DOsat,Temp,Notes
1,BB09_001,2009,7/1/2009,8:55,2.1,86,160.82,1,0.1,0,0,0.1,10,NA,NA,0.9,0,0,0,1.2,1.2,0.3,1,2,-83.2081,29.3652,0,,,,,,Thal 10-20cm in small patches
2,BB09_002,2009,7/9/2009,18:00,1.3,34,63.58,2,0.85,0,0,0.85,15,NA,NA,0.15,0,15141.6472,238.1511,1.3,3.3,13.9,1,5,-82.6858,28.6319,1,,,,,30.3,"Thal 10-20cm; towed seagrass ""island"" in macroalgae ""field"""
3,BB09_003,2009,7/14/2009,9:00,1.8,80,149.6,2,0.25,0,0,0.25,10,NA,NA,0.2,0.55,17034.3531,113.866,1.8,3.4,12,5,1,-82.7319,28.4163,1,,,,,30.4,Thal <= 10cm
4,BB09_004,2009,6/26/2009,10:10,5.1,79,147.73,1,0.1,0.1,0.05,0.25,20,20,10,0.65,0.1,1875,12.6921,5.1,11.9,0.3,1,5,-83.7782,29.8429,0,,,,,29,HAWR 10cm; Thal/Syr 10-30cm; temp from depth sounder
5,BB09_006,2009,7/6/2009,12:20,3.4,88,164.56,2,0.25,0.75,0,1,40,60,NA,0,0,17034.3531,103.5145,NA,9.8,3.2,1,2,-82.7903,28.881,1,,,,,,Thal 40cm; Syr 60cm; patches; 15kt wind; 3-4' seas; poor conditions
6,BB09_008,2009,6/25/2009,8:50,3.3,100,187,1,0.6,0,0,0.6,35,NA,NA,0.4,0,19600,104.8128,3.3,10.2,5.8,1,5,-83.9137,29.9265,0,,,,,28,hard bottom; thick Thal30-40cm inter; temp from depth sounder
7,BB09_009,2009,7/14/2009,12:30,3.4,81,151.47,2,0.9,0.05,0,0.95,40,NA,NA,0.05,0,52049.4123,343.6285,3.4,13.6,2.2,1,2,-82.8255,28.4675,1,,,,,30.6,Thal 30-50cm
8,BB09_011,2009,6/24/2009,12:45,3.2,96,179.52,1,0.9,0,0,0.9,15,NA,NA,0.1,0,0,0,3.2,8.5,8,1,5,-83.9694,29.9671,0,,,,,29,Thal 10-20cm; clean video; trawl may have been pulled through sand patch; temp from depth sounder
9,BB09_012,2009,6/30/2009,16:40,2.4,89,166.43,2,0,0.2,0,0.2,,35,,0.8,0,0,0,1.8,5.8,0.5,1,5,-83.4501,29.4989,0,,,,,,Syr 30-40cm; mainly interspersed w/ some patched; poor videoEstimated depth
10,BB09_013,2009,7/8/2009,11:50,3.1,76,142.12,2,0.25,0,0,0.25,25,NA,NA,0.15,0.6,104098.8245,732.4713,3.1,12.7,3.5,1,5,-82.7918,28.5889,1,,,,,29,Thal 20-30cm; small patches (edge); lots of drift
11,BB09_014,2009,7/2/2009,10:00,2.1,87,162.69,1,0.5,0.5,0,1,,NA,NA,0,0,18927.059,116.3382,1.8,1.4,1.6,5,1,-82.8367,29.0986,1,,,,,,SG interspersed with macroalgae; no video
12,BB09_015,2009,6/24/2009,11:30,3.3,99,185.13,2,0,0,0.85,0.85,,NA,10,0.15,0,0,0,3.3,10.4,6.9,1,5,-83.9431,29.9367,0,,,,,29,"HAWR 10cm; ""bleached"" Syr interspersed (nutrients?); temp from depth sounder"
13,BB09_016,2009,6/22/2009,10:50,1.9,87,162.69,1,0.98,0,0,0.98,25,NA,NA,0.02,0,0,0,1.9,4.2,3.1,1,5,-84.0966,30.054,0,30.9,52.7,7,,30.2,Thal 20-30cm; interspersed; good video
14,BB09_017,2009,7/1/2009,11:15,2.2,81,151.47,1,0.55,0.4,0,0.95,40,40,NA,0.05,0,0,0,2.2,6.2,0.9,1,5,-83.3723,29.433,0,,,,,,Thal/Syr 30-50cm; mainly inter w/some patches; Estimated depth/estimated secchi
15,BB09_018,2009,7/9/2009,17:00,1.5,84,157.08,2,0.55,0,0,0.55,17.5,NA,NA,0.3,0.15,4731.7648,30.1233,1.5,2.9,14.2,1,5,-82.6825,28.6561,1,,,,,30.7,Thal 10-25cm; small macroalgae + several Sargassum FAD's; sand inter w/some large patches; macro in patches
16,BB09_019,2009,7/16/2009,10:30,2.4,77,143.99,2,0.85,0,0,0.85,20,NA,NA,0.15,0,7570.8236,52.5788,2.4,4.8,8.3,6,1,-82.7894,28.2895,1,,,,,31.9,Thal 10-30cm; sand interspersed; temp from depth sounder
17,BB09_020,2009,6/24/2009,15:45,1.7,85,158.95,1,0.1,0.45,0.2,0.75,17.5,17.5,10,0.05,0.2,138600,871.9723,NA,1.2,13.1,1,5,-83.8607,29.9938,0,,,,,29,Thal/Syr 10-25; other = Halophila 10cm; some interspersed; poor video; temp from depth sounder
18,BB09_023,2009,7/15/2009,7:55,3.5,84,157.08,2,0.98,0.01,0,0.99,40,NA,NA,0.01,0,35961.4121,228.9369,3.5,9,4.7,6,1,-82.8049,28.3865,1,,,,,31.1,Thal 30-50cm
19,BB09_024,2009,6/29/2009,11:45,1.4,79,147.73,1,0.5,0.5,0,1,30,30,,0,0,35961.4121,243.4266,1.4,1.9,4.8,1,5,-83.6031,29.7685,0,,,,,28,Thal/Syr 25-25cm
20,BB09_025,2009,7/14/2009,13:25,2.7,87,162.69,2,0.35,0,0,0.35,30,NA,NA,0.35,0.3,85171.7655,523.5218,2.7,8.7,6.1,1,2,-82.7721,28.4748,1,,,,,30.7,Thal 20-40cm; all in patches
21,BB09_026,2009,7/10/2009,13:40,1.4,76,142.12,2,0.97,0.01,0,0.98,30,NA,NA,0.01,0.01,0,0,1.4,13.5,4.3,2,1,-82.7844,28.7906,1,,,,,34.3,Thal 20-40cm
22,BB09_027,2009,6/23/2009,10:00,1.8,97,181.39,1,0.4,0.6,0,1,40,40,NA,0,0,3800,20.9493,1.8,5.3,12.2,1,5,-83.9362,29.985,0,31.2,53,6.8,,30.4,Thal/Syr 30-50cm; Syr patches + Thal/Syr interspersed
23,BB09_028,2009,7/1/2009,16:00,1.4,83,155.21,1,0.85,0.05,0,0.9,30,30,NA,0.1,0,0,0,1.4,2.8,0.3,1,5,-83.5384,29.6957,0,,,,,,Thal/Syr 25-30cm; beachball-sized sand patches
24,BB09_029,2009,7/9/2009,14:15,3,77,143.99,2,0.6,0,0,0.6,25,NA,NA,0.35,0.05,56781.177,394.3411,3,8.4,8.6,5,1,-82.7399,28.6556,1,,,,,30.7,Thal 10-40cm; macroalgal patches on hardbottom
25,BB09_032,2009,6/23/2009,13:05,1.4,95,177.65,1,0.75,0.2,0,0.95,55,55,NA,0.05,0,35600,200.394,NA,2.2,3.6,1,5,-84.114,30.0717,0,,,,,,Thal/Syr 40-70cm; Syr and sand patches w/ some Thal/Syr interspersed; lots of drift algae; clean video
26,BB09_035,2009,7/16/2009,11:45,2.3,80,149.6,2,0.025,0.95,0,0.975,70,70,NA,0.025,0,9463.5295,63.2589,2.3,5,3.4,6,3,-82.825,28.2325,1,,,,,32,Thal 60-80cm; Syr 60-80cm
27,BB09_036,2009,6/24/2009,14:40,2.2,91,170.17,1,0.05,0.5,0,0.55,35,35,NA,0.45,0,2000,11.753,2.2,3,12.6,1,5,-83.8957,29.9901,0,,,,,29,Thal/Syr 30-40cm; sand patches & interspersed; ; temp from depth sounder
28,BB09_037,2009,7/14/2009,8:25,2,77,143.99,2,0.25,0,0,0.25,10,NA,NA,0.25,0.5,18927.059,131.447,2,3.2,12.1,5,1,-82.7296,28.4226,1,,,,,30.3,Thal <=10cm
29,BB09_039,2009,7/14/2009,9:35,2,77,143.99,2,0.5,0,0,0.5,10,NA,NA,0.45,0.05,17034.3531,118.3023,2,4.3,10.2,1,5,-82.7488,28.4081,1,,,,,30.2,Thal <=10cm
30,BB09_040,2009,6/29/2009,8:30,1.6,80,149.6,1,0.03,0.97,0,1,30,30,NA,0,0,66244.7065,442.8122,1.6,1.2,4,5,6,-83.6312,29.8412,0,,,,,27,Thal/Syr 30cm
31,BB09_041,2009,7/13/2009,12:40,2.7,79,147.73,2,0.6,0,0,0.6,40,NA,NA,0.15,0.25,0,0,2.7,11.5,3,6,1,-82.7983,28.4914,1,,,,,30.2,Thal 40cm
32,BB09_042,2009,7/10/2009,8:35,2.6,71,132.77,2,0.98,0.01,0,0.99,35,NA,NA,0.01,0,0,0,2.6,14.5,2.4,5,1,-82.804,28.7075,1,,,,,32.6,Thal 20-50cm; interspersed sand and Syr
33,BB09_043,2009,6/23/2009,11:15,4.1,93,173.91,1,0.75,0,0,0.75,16,NA,NA,0.25,0,0,0,NA,11.3,4,1,5,-84.0104,29.9649,0,,,,,30.2,Thal 10-20cm; interspersed
34,BB09_044,2009,7/1/2009,14:45,0.5,81,151.47,1,0.5,0.5,0,1,,NA,NA,0,0,11356.2354,74.9735,0.5,1.3,1.7,1,5,-83.5221,29.7065,0,,,,,,Estimated depth/estimated secchi
35,BB09_045,2009,7/9/2009,13:05,3.2,84,157.08,2,0.65,0,0,0.65,25,NA,NA,0.05,0.3,99367.0598,632.5889,3.2,11.5,4.7,1,5,-82.7793,28.6406,1,,,,,31.5,Thal 10-40cm; macroalgal patches
36,BB09_047,2009,6/26/2009,11:30,0.8,72,134.64,1,0,0.85,0.05,0.9,,75,10,0.1,0,56625,420.566,0.8,0.4,12.1,1,5,-83.6985,29.9244,0,,,,,30,Syr 75cm; van-sized sand patches; temp from depth sounder
37,BB09_048,2009,6/22/2009,13:05,3,94,175.78,1,0,0.15,0.3,0.45,,20,12.5,0.55,0,11400,64.8538,3,4.2,1.2,1,5,-84.0408,30.0611,0,31.5,48.5,7.9,,31.2,HAWR 10-15cm; Syr 20cm; interspersed and patches
38,BB09_050,2009,7/7/2009,11:25,2.8,81,151.47,2,0,1,0,1,,35,NA,0,0,15141.6472,99.9647,2,5.2,7.9,1,2,-82.7408,28.8894,1,,,,,28.6,Syr 30-40; a few single Thal blades mixed in
39,BB09_051,2009,7/15/2009,12:40,1.4,88,164.56,2,0.85,0,0,0.85,15,NA,NA,0.15,0,11356.2354,69.0097,1.4,4.7,5,1,5,-82.779,28.3318,1,,,,,32,Thal 10-20cm; sand patches
40,BB09_052,2009,6/25/2009,13:15,3.7,99,185.13,1,,,,,,NA,NA,,,14000,75.6225,3.7,9,1.6,1,5,-83.8127,29.8922,0,,,,,29,no video; temp from depth sounder
41,BB09_053,2009,7/13/2009,13:40,1.8,79,147.73,2,0.15,0,0,0.15,10,NA,NA,0.75,0.1,34068.7062,230.6147,1.8,4.5,10.9,1,5,-82.7155,28.513,1,,,,,30.6,Thal <=10cm
42,BB09_055,2009,7/15/2009,11:05,2.6,81,151.47,2,0.9,0,0,0.9,50,NA,NA,0.1,0,17034.3531,112.4602,2.6,6.6,7,6,1,-82.8023,28.3056,1,,,,,31.4,Thal 40-60cm; sand patches
43,BB09_056,2009,6/30/2009,15:50,0.5,72,134.64,1,1,0,0,1,,NA,NA,0,0,0,0,0.5,1.1,4.3,1,5,-83.4156,29.5468,0,,,,,,Estimated depth/estimated secchi
44,BB09_057,2009,7/13/2009,10:30,3.2,76,142.12,2,0.95,0,0,0.95,40,NA,NA,0.05,0,34068.7062,239.7179,3.2,13.5,2,1,5,-82.8057,28.5325,1,,,,,29.9,Thal 30-50cm
45,BB09_058,2009,7/10/2009,10:30,1.5,83,155.21,2,0.35,0.35,0,0.7,30,30,NA,0.1,0.2,37854.118,243.8897,1.5,11.8,5.5,5,1,-82.7715,28.697,1,,,,,36.3,Thal & Syr 20-40cm
46,BB09_060,2009,6/30/2009,11:00,1.8,82,153.34,1,0.5,0.5,0,1,20,NA,NA,0,0,0,0,1,1.5,1.2,1,5,-83.4276,29.6573,0,,,,,,Thal 15-25cm
47,BB09_061,2009,7/13/2009,7:40,1.6,86,160.82,2,0.3,0,0,0.3,10,NA,NA,0.7,0,30283.2944,188.3055,1.6,1.6,15.1,6,4,-82.6723,28.5707,1,,,,,30.3,Thal <=10cm and thin blades
48,BB09_062,2009,7/2/2009,12:15,2.1,79,147.73,1,0,1,0,1,,NA,NA,0,0,0,0,1.5,2.2,3.8,5,1,-82.8374,29.0737,1,,,,,,"Syr estimated near 100% (muddy water) based on spot checks and trawl ""feel""; no video"
49,BB09_063,2009,6/26/2009,15:30,2.5,92,172.04,1,0.02,0.96,0,0.98,32.5,32.5,NA,0.02,0,139687.5,811.9478,2.5,4.4,4.6,1,5,-83.6787,29.8603,0,,,,,30,Thal/Syr 25-40cm; Sand interspersed
50,BB09_064,2009,6/23/2009,9:00,1.3,102,190.74,1,0.15,0.2,0,0.35,15,20,NA,0.6,0.05,11600,60.8158,1.3,3,9.2,1,5,-83.9372,30.0092,0,29.2,49.3,6.5,,29.7,Thal 10-20cm;Syr 10-30cm; small patches (edge)
51,BB09_066,2009,7/7/2009,8:20,2,89,166.43,2,0.65,0.05,0,0.7,25,25,NA,0.1,0.2,1892.7059,11.3724,2,7.6,5.9,1,2,-82.7617,28.8765,1,,,,,28.4,Thal/Syr 25cm; large sand patch w/sponges
52,BB09_067,2009,7/15/2009,8:45,4.2,87,162.69,2,1,0,0,1,,NA,NA,0,0,30283.2944,186.1411,4.2,13.1,0.3,6,1,-82.8504,28.3782,1,,,,,30.9,Thal 40-60cm; temp from depth sounder
53,BB09_068,2009,6/29/2009,14:00,2.1,84,157.08,1,0.15,0.85,0,1,35,35,NA,0,0,0,0,2.1,5.9,0.9,1,5,-83.6496,29.7869,0,,,,,29,Thal/Syr 30-40cm
54,BB09_069,2009,7/8/2009,9:00,2.6,69,129.03,2,0.5,0,0,0.5,12.5,NA,NA,0,0.5,73815.5301,572.0804,2.6,12.3,3.6,1,5,-82.7895,28.5581,1,,,,,28.6,"Thal 10-15cm, mixed in with patches of Laurencia algae/sponge/gorgonians"
55,BB09_070,2009,7/2/2009,11:15,1.5,76,142.12,1,,,,,,NA,NA,,,15141.6472,106.5413,1.5,0.9,2.9,5,1,-82.829,29.0902,1,,,,,,
56,BB09_071,2009,6/24/2009,9:15,5.6,84,157.08,2,0.1,0,0,0.1,,NA,NA,0.9,0,0,0,5.6,16.8,2.1,1,5,-84.0598,29.9375,0,,,,,27,no video; temp from depth sounder
57,BB09_072,2009,6/22/2009,9:00,1.6,87,162.69,1,0.07,0.92,0,0.99,40,40,NA,0.01,0,0,0,1.6,2.6,0.7,1,5,-84.1621,30.0479,0,31.9,49,6.2,,29.5,Thal/Syr 30-50cm; patches
58,BB09_076,2009,6/29/2009,13:00,1.7,87,162.69,1,0.95,0.05,0,1,30,40,NA,0,0,0,0,1.7,4.2,1.9,1,5,-83.6249,29.746,0,,,,,29,Thal 30cm; Syr 40cm
59,BB09_077,2009,7/9/2009,11:30,2.5,80,149.6,2,0.9,0,0,0.9,25,NA,NA,0.1,0,37854.118,253.0355,2.5,8.2,8.1,1,5,-82.7446,28.6275,1,,,,,24.1,Thal 10-40cm; sand interspersed
60,BB09_079,2009,6/25/2009,14:30,3.7,94,175.78,1,,,,,,NA,NA,,,11400,64.8538,NA,6.2,6,1,5,-83.7372,29.8823,0,,,,,29,temp from depth sounder
61,BB09_082,2009,7/6/2009,11:00,3,81,151.47,2,0.1,0,0,0.1,17.5,NA,NA,0.45,0.45,7570.8236,49.9823,1.5,14.7,0.1,1,2,-82.8288,28.8487,1,,,,,,Thal 10-25cm; Estimated secchi depth (not meas.)
62,BB09_083,2009,7/16/2009,11:10,3.2,73,136.51,2,0.85,0,0,0.85,30,NA,NA,0.15,0,0,0,3.2,7.2,3.7,6,1,-82.8363,28.2523,1,,,,,31.6,Thal 20-40cm; sand interspersed & patches
63,BB09_084,2009,6/25/2009,11:05,3.1,85,158.95,1,0.65,0,0,0.65,,NA,NA,0.35,0,49800,313.3061,3.1,7.5,4.3,1,5,-83.8336,29.9179,0,,,,,29,Thal 30-40cm; sand patches; video was very short; temp from depth sounder
64,BB09_085,2009,7/14/2009,7:35,1.4,73,136.51,2,0.15,0,0,0.15,10,NA,NA,0.75,0.1,34068.7062,249.5693,1.4,1.8,12.9,1,2,-82.7028,28.4624,1,,,,,30.4,"Thal <=10cm; macroalgal ""lumps""; temp measured with depth sounder"
65,BB09_086,2009,7/7/2009,9:15,1.6,84,157.08,2,0.15,0.85,0,1,75,75,NA,0,0,28390.5885,180.7397,1.6,3.3,10.9,1,2,-82.71,28.883,1,,,,,28.1,both SG 75cm
66,BB09_087,2009,7/15/2009,9:30,3.5,83,155.21,2,0.99,0.01,0,1,70,NA,NA,0,0,14195.2943,91.4586,3.5,11.6,1.2,1,5,-82.8448,28.3559,1,,,,,30.9,Thal 60-80cm
67,BB09_088,2009,6/29/2009,10:05,1.6,87,162.69,1,0.15,0.85,0,1,50,50,NA,0,0,75708.236,465.3527,1.6,2.4,3.3,1,5,-83.6169,29.8094,0,,,,,28,"Thal 40-60cm, mixed in with Syr 40-60cm"
68,BB09_089,2009,7/13/2009,11:30,2.7,80,149.6,2,,,,,,NA,NA,,,33122.3533,221.4061,2.7,8.6,6.4,6,1,-82.7601,28.504,1,,,,,30.2,
69,BB09_090,2009,7/10/2009,12:40,2.2,78,145.86,2,0.7,0,0,0.7,25,NA,NA,0.15,0.15,0,0,1.8,16,1.3,2,1,-82.8155,28.7817,1,,,,,33.3,Thal 20-30cm and thin blades; sand and macroalgae in patches
70,BB09_092,2009,6/30/2009,11:55,0.8,76,142.12,1,1,0,0,1,40,NA,NA,0,0,11356.2354,79.906,0.8,0.4,3.1,1,5,-83.4078,29.643,0,,,,,,Thal 35-45cm; Estimated depth/estimated secchi
71,BB09_093,2009,7/8/2009,10:25,3.5,82,153.34,2,1,0,0,1,30,NA,NA,0,0,41639.5298,271.5503,3.5,15.2,0.9,1,5,-82.8179,28.5602,1,,,,,28.8,Thal 30cm
72,BB09_095,2009,6/26/2009,13:00,1.5,78,145.86,1,0,0.98,0,0.98,,50,NA,0.02,0,127500,874.1259,NA,1.3,10.3,1,5,-83.6849,29.902,0,,,,,30,Syr 40-60cm; temp from depth sounder
73,BB09_096,2009,6/22/2009,14:20,2.1,102,190.74,1,0.05,0.07,0.01,0.13,15,20,10,0.87,0,1100,5.767,2.1,1.9,1,1,5,-84.0095,30.0698,0,29.8,52.3,8.2,,31.8,Halophila; Thal 10-20cm; Syr 10-30cm
74,BB09_099,2009,7/15/2009,11:45,1.6,32,59.84,2,0.85,0,0,0.85,35,NA,NA,0.15,0,52995.7652,885.6244,1.6,3,10.5,1,5,-82.7659,28.3127,1,,,,,31.7,Thal 30-40cm; sand in patches; ~50% SG covered with drift algae; starboard bag too heavy to bring in
75,BB09_101,2009,7/13/2009,14:30,2.4,78,145.86,2,0.25,0,0,0.25,15,NA,NA,0.6,0.15,15141.6472,103.8095,2.4,5.1,10.4,1,5,-82.7198,28.5351,1,,,,,30.6,Thal 10-20cm
76,BB09_103,2009,7/15/2009,10:15,3.1,80,149.6,2,0.98,0,0,0.98,30,NA,NA,0.02,0,37854.118,253.0355,3.1,8.7,8.1,1,5,-82.8217,28.3254,1,,,,,30.6,Thal 20-40cm; sand patches
77,BB09_104,2009,6/30/2009,13:00,1,81,151.47,1,,,,,,NA,NA,,,85171.7655,562.3012,1,1.3,3,1,5,-83.4176,29.6062,0,,,,,,Estimated depth/estimated secchi
78,BB09_105,2009,7/13/2009,9:35,2.2,75,140.25,2,0.7,0,0,0.7,15,NA,NA,0.3,0,28390.5885,202.4284,2.2,9.3,6.9,6,4,-82.7557,28.5815,1,,,,,29.7,Thal 10-20cm
79,BB09_106,2009,7/10/2009,9:25,1.6,80,149.6,2,0.9,0,0,0.9,35,NA,NA,0.05,0.05,17034.3531,113.866,1.6,10.5,6.5,5,1,-82.7603,28.6882,1,,,,,36.2,Thal 20-50cm thin blades; sand and macroalage in patches; large tumbleweeds of drift algae
80,BB09_108,2009,6/22/2009,11:30,3,87,162.69,1,0.3,0,0.3,0.6,22.5,NA,NA,0.4,0,0,0,NA,5,1.7,1,5,-84.0633,30.0498,0,32.1,49.4,7.4,,30.5,HAWR 10cm; Thal 15-30cm; interspersed sand (thin)
81,BB09_109,2009,7/13/2009,8:45,2.2,79,147.73,2,0.4,0,0,0.4,10,NA,NA,0.6,0,33122.3533,224.2087,2.2,6.4,9.7,1,5,-82.7277,28.6179,1,,,,,29.8,Thal <10cm and thin blades
82,BB09_110,2009,7/2/2009,13:30,2,81,151.47,1,0,0.98,0,0.98,,NA,NA,0.02,0,0,0,2,1.8,5.8,5,1,-82.8211,29.0623,1,,,,,,sand in patches
83,BB09_113,2009,7/1/2009,10:20,2.3,73,136.51,1,0.3,0.7,0,1,45,45,NA,0,0,0,0,2.3,4.1,2.8,1,5,-83.3617,29.45,0,,,,,,Thal/Syr 40-50cm
84,BB09_114,2009,7/9/2009,15:45,2.8,61,114.07,2,0.85,0,0,0.85,15,NA,NA,0.15,0,18927.059,165.9249,2.8,6.4,9.9,1,5,-82.7269,28.6426,1,,,,,29.2,"Thal 10-20cm; towed seagrass ""island"" in macroalage ""field"""
85,BB09_115,2009,7/16/2009,9:05,1.5,71,132.77,2,0.95,0,0,0.95,60,NA,NA,0.01,0.04,94635.295,712.7762,1.5,0.7,12,2,1,-82.7514,28.2671,1,,,,,32.2,Thal 60cm; sand patches; many large drift algae patches; towed ~ 1km from site
86,BB09_116,2009,6/26/2009,8:50,4.5,87,162.69,1,0.15,0.05,0.05,0.25,17.5,17.5,10,0.75,0,1875,11.525,4.5,10.3,1.4,1,5,-83.7405,29.8377,0,,,,,28,HAWR 10cm; Thal/Syr 15-20cm; many large sand patches; temp from depth sounder
87,BB09_118,2009,7/6/2009,9:50,1.5,86,160.82,2,0.95,0,0,0.95,25,NA,NA,0.05,0,0,0,1.5,11.9,5.5,2,1,-82.7731,28.8272,1,,,,,,Thal 20-30cm
88,BB09_119,2009,7/14/2009,10:20,3.3,79,147.73,2,0.95,0.01,0,0.96,30,NA,NA,0.04,0,99367.0598,672.6261,3.3,10,4.4,1,5,-82.8088,28.4026,1,,,,,32.3,Thal 30cm
89,BB09_120,2009,6/29/2009,15:00,1.3,86,160.82,1,0.5,0.5,0,1,35,35,NA,0,0,39746.8239,247.151,1.3,3.4,3.2,1,5,-83.6234,29.7854,0,,,,,29,Thal/Syr 30-40cm; seagrasses interspersed
90,BB09_121,2009,7/14/2009,11:15,3.4,83,155.21,2,0.2,0.8,0,1,70,NA,NA,0,0,54888.4711,353.64,3.4,16.1,0.8,1,5,-82.8453,28.4602,1,,,,,30.3,Thal 60-80cm; seagrasses mainly in patches with some interspersed
91,BB09_123,2009,6/24/2009,13:45,3,99,185.13,1,0.7,0,0.1,0.8,15,NA,10,0.2,0,0,0,3,7.3,9.8,1,5,-83.933,29.9643,0,,,,,29,HAWR patches; Thal 10-20cm; sand interspersed; temp from depth sounder
92,BB10_002,2010,7/1/2010,10:55,2,114,213.18,1,0.9,0,0,0.9,50,NA,NA,0.1,0,1892.7059,8.8784,NA,4.56,7.3,1,5,-83.7383,29.8994,0,28,43.7,5.4,80.8,27.9,Thal 50cm; video very bad -- may not be useable
93,BB10_003,2010,6/24/2010,10:55,1.2,80,149.6,1,0.92,0.02,0,0.94,40,40,NA,0.06,0,14195.2943,94.8883,1.2,0.57,5.3,1,5,-83.307,29.4488,0,23.3,41.2,7.5,114.6,30.7,Thal and Syr 30-50 cm; One patch with little interspersed Syr; One large sand patch
94,BB10_004,2010,6/17/2010,12:00,2.7,79,147.73,2,0.8,0.05,0,0.85,32.5,32.5,NA,0.15,0,52049.4123,352.328,2.7,14.41,0.4,5,1,-82.8236,28.6847,1,29.1,51.9,5.5,89.7,32.7,Thal and Syr 25-40 cm; sand mostly in patches
95,BB10_007,2010,6/17/2010,13:26,2,87,162.69,2,0.85,0.05,0,0.9,27.5,27.5,NA,0.1,0,56781.177,349.0145,2,11.81,2.4,5,1,-82.8038,28.7223,1,28.8,51.7,6.5,106.6,33,Thal and Syr 20-35 cm interspersed; sand in small patches
96,BB10_008,2010,6/15/2010,13:00,3,77,143.99,2,0.7,0,0,0.7,35,NA,NA,0.3,0,104098.8245,722.9587,3,7.12,8.7,5,1,-82.7648,28.4435,1,28.2,49.9,5.4,87,32.1,Thal 30-40 cm; Sand patches desk sized to bus sized
97,BB10_010,2010,6/23/2010,10:30,1,43,80.41,2,0.85,0,0,0.85,25,NA,NA,0.05,0.1,18927.059,235.3819,1,0.14,8.8,1,5,-82.7921,29.0765,1,20.9,36.6,5.2,77.1,29.7,Thal 20-30 cm; large macro and sand patches; 1:15 trawl in small strip of SG within large macroalgae patch.
98,BB10_011,2010,6/22/2010,10:20,3.1,75,140.25,2,0,0.3,0,0.3,,30,NA,0.7,0,3785.4118,26.9905,1.37,7.23,4.9,5,1,-82.7916,28.9255,1,28,48.2,6.2,96.5,30.4,"Syr 20-40 cm; sand interspersed  and patchy,estimated from Aqua Vu"
99,BB10_012,2010,6/14/2010,9:30,2.7,80,149.6,2,0.8,0.2,0,1,60,60,NA,0,0,47317.6475,316.2944,2.7,6.38,4.5,6,1,-82.8248,28.2594,1,33.8,57.4,5.4,86.8,30.7,Thal and Syr 60 cm; mixed; tow distance based on Stallings segment average
100,BB10_013,2010,6/30/2010,9:45,1.5,124,231.88,1,0.6,0.4,0,1,50,60,NA,0,0,0,0,1.5,1.42,5.3,1,5,-83.6019,29.7757,0,29.5,49.5,3.7,59.7,29.4,Thal 50 cm; Syr 60 cm; total coverage of SG; sm spotting of baseball sz algae mixed in dense patches
101,BB10_016,2010,6/15/2010,10:40,3.4,77,143.99,2,0.8,0,0,0.8,32.5,NA,NA,0.2,0,104098.8245,722.9587,3.2,10.07,4.4,1,5,-82.8079,28.4204,1,31,54.5,6.1,99.1,31.8,Thal 25-40 cm; Sand interspersed
102,BB10_018,2010,7/1/2010,8:10,1.4,108,201.96,1,0,0.65,0,0.65,,40,NA,0.25,0.1,70976.4713,351.4383,1.4,1.35,7.6,1,5,-83.6646,29.8871,0,29.1,48,3.7,51.8,28.4,Syr 30-50cm; sand patches
103,BB10_020,2010,6/16/2010,14:10,2.4,81,151.47,2,0.85,0.05,0,0.9,25,NA,NA,0.1,0,52049.4123,343.6285,2.4,6.58,9.1,1,5,-82.7338,28.6333,1,23.5,43.2,6.8,108.9,33.1,Thal and Syr 20-30 cm; Sand monstly in a few large patches
104,BB10_021,2010,7/6/2010,16:15,3,96,179.52,2,0.25,0.1,0,0.35,25,30,NA,0.65,0,4731.7648,26.3579,,10.79,1.9,1,5,-84.03,29.9841,0,24.6,42.6,6.2,92.5,29,Thal 20-30cm; Syr 30cm; SG mostly seperated; sand inter w/some patches
105,BB10_022,2010,7/7/2010,13:00,2.5,70,130.9,1,0,0.95,0,0.95,,50,NA,0,0.05,11356.2354,86.755,,3.74,1.4,1,5,-84.0338,30.0651,0,22.1,37.8,6.4,93.6,29.5,Syr 50 cm; Syr intermixed with algae; Lg sand patches sparse w/ algae 95% cover
106,BB10_023,2010,6/21/2010,13:00,1.8,82,153.34,2,0.97,0,0,0.97,35,NA,NA,0.03,0,2839.0589,18.5148,1.8,8.22,1.9,2,5,-82.8087,28.8192,1,28.9,50.3,7.1,111.1,31.2,Thal 20-50 cm; Sand in small volleyball sized patches
107,BB10_024,2010,6/15/2010,,3,84,157.08,2,0.25,0.75,0,1,40,40,NA,0,0,61512.9417,391.6026,3,14.72,0.3,5,1,-82.8504,28.4434,1,32.4,53.5,5.4,95.5,31.3,Thal and Syr 30-50 cm; 25% drift algae on top
108,BB10_025,2010,7/2/2010,10:00,0.5,84,157.08,1,0.85,0,0,0.85,45,NA,NA,0.15,0,85171.7655,542.219,0.5,0.17,5.3,1,5,-83.4059,29.5422,0,,,,,24,Thal 40-50cm; sand patches; lots of drift algae
109,BB10_026,2010,6/23/2010,9:15,1.5,82,153.34,1,0,0.65,0,0.65,,40,NA,0.15,0.2,946.353,6.1716,NA,2.7,2.4,5,1,-82.8468,29.0835,1,22.8,39.6,5.7,85.3,29.8,Syr 30-50 cm (estimated from Aqua Vu); Attached macro and sand in large patches
110,BB10_029,2010,7/6/2010,13:20,2.9,92,172.04,1,0.6,0.02,0,0.62,30,20,NA,0.38,0,1892.7059,11.0015,2.9,6.36,8.1,1,5,-83.8833,29.9483,0,28.9,47.4,5.9,88.9,28.2,Thal 20-40cm; Syr 20cm; sand inter w/some patches
111,BB10_032,2010,6/14/2010,13:30,2.3,83,155.21,2,0.4,0,0.05,0.45,7.5,NA,7.5,0.55,0,33122.3533,213.4035,2.3,2.88,9.9,1,5,-82.7578,28.3371,1,34,59,5.7,94.5,31.9,Thal and Hal 5-10 cm; Sand interspersed with some patches
112,BB10_034,2010,6/30/2010,16:30,5,125,233.75,1,0.1,0.05,0,0.15,30,40,NA,0.75,0.1,18927.059,80.9714,NA,10.35,1.4,1,5,-83.7785,29.8585,0,30.8,53.6,6,97.8,31.4,Thal 20-40cm; Syr 40cm; sand inter & patches; many sponges in video
113,BB10_036,2010,6/17/2010,11:18,2.6,90,168.3,2,0.95,0.02,0,0.97,30,30,NA,0.03,0,37854.118,224.9205,2.6,9.52,6.4,5,1,-82.7627,28.656,1,24.2,44,5.6,89.4,32.6,Thal and Syr 20-40 cm interspersed; Sand patches; Trawled 250m from site bc otherwise was drift and attached macro
114,BB10_037,2010,7/2/2010,8:00,2.5,102,190.74,1,0.1,0.85,0,0.95,55,55,NA,0.05,0,0,0,NA,5.19,0.3,1,5,-83.5563,29.6788,0,,,,,,Thal/Syr 50-60cm; sand patches w/some inter; bad video (moving too fast)
115,BB10_038,2010,7/7/2010,14:35,2.5,91,170.17,1,0.4,0.6,0,1,65,65,NA,0,0,7570.8236,44.4898,NA,5.45,1.8,1,5,-84.0895,30.0426,0,21.8,38.4,6.6,97.4,30.4,Thal and Syr ~65 cm; evenly dispersed; thin coverage w/sm sand patches; sm softball sz clumps of algae evenly mixed
116,BB10_043,2010,6/21/2010,15:10,1.8,82,153.34,2,0.49,0.49,0,0.98,35,35,NA,0.02,0,18927.059,123.432,1.8,7.26,4.5,1,2,-82.7667,28.891,1,27.5,48.4,8.5,135.1,31.6,Thal and Syr 20-50 cm; mostly interspersed w/some areas of alternating dominance
117,BB10_046,2010,6/24/2010,9:00,1.2,46,86.02,1,1,0,0,1,35,NA,NA,0,0,75708.236,880.1236,2.12,5.08,0.7,1,5,-83.2581,29.3799,0,23.5,40.9,6.5,98.7,30.1,Thal 30-40 cm; lots of egg like masses. See video
118,BB10_047,2010,6/16/2010,7:30,2.7,89,166.43,2,0.1,0,0.15,0.25,12.5,12.5,NA,0.75,0,18927.059,113.7238,2.7,3.88,12,1,5,-82.703,28.5459,1,19.2,35.2,5.3,80.2,31.6,Hal and Thal 5-20 cm; Sand interspersed and large patches
119,BB10_048,2010,6/15/2010,8:50,3.8,81,151.47,2,0.9,0.05,0,0.95,40,NA,NA,0.05,0,0,0,3.8,12.89,0.1,6,1,-82.852,28.3719,1,34.2,58.8,5.1,92.2,31.3,Thal 30-50 cm interspersed; sand in patches
120,BB10_049,2010,7/6/2010,12:25,2.2,118,220.66,1,0,0.45,0,0.45,,35,NA,0.55,0,1892.7059,8.5775,NA,4.92,11.8,1,5,-83.9215,29.9826,0,21.6,36.3,6.3,91.9,28.1,Syr 30-40cm; sand inter w/some patches
121,BB10_050,2010,6/30/2010,15:50,4,116,216.92,1,0.75,0,0,0.75,30,NA,NA,0.25,0,4731.7648,21.8134,NA,5.5,2.4,1,5,-83.7855,29.8794,0,31.2,53.9,6,97.6,31.5,Thal 20-40cm; sand inter w/few patches; remoras & tutle in video @ 16:28
122,BB10_052,2010,6/16/2010,10:40,2.6,86,160.82,2,0.45,0.45,0,0.9,35,35,NA,0.1,0,70976.4713,441.3411,2.6,14.93,0.4,1,5,-82.823,28.6098,1,29.3,51.5,5.4,86.5,31.8,Thal and Syr 30-40 cm mostly patches; Sand in patches
123,BB10_053,2010,6/30/2010,13:50,3,123,230.01,1,0.15,0.1,0,0.25,50,50,NA,0.75,0,75708.236,329.1519,3,3.11,2.8,1,5,-83.6125,29.7452,0,29.7,50.6,5.2,80.7,30.1,Thal/Syr 50cm; sand inter & patches; drift algae in sand patches
124,BB10_054,2010,7/7/2010,15:15,2,90,168.3,1,0.95,0.05,0,1,40,40,NA,0,0,0,0,2,3.64,0.6,1,5,-84.1375,30.0443,0,22.4,39,8.5,112.8,30,Thal and Syr ~40 cm; thin coverage intermixed well; small sand patches
125,BB10_056,2010,6/24/2010,12:55,1.9,69,129.03,1,0.98,0,0,0.98,45,NA,NA,0.02,0,0,0,1.9,3.5,2.2,1,5,-83.4162,29.4889,0,27.7,48.2,6.7,104.3,31,Thal 40-50 cm; Sand in small patches. Est from visual survey; compare vids
126,BB10_057,2010,6/30/2010,7:45,2,96,179.52,1,0.98,0.02,0,1,45,NA,NA,0,0,0,0,2,4.7,1.7,1,5,-83.6374,29.7825,0,29.4,49.6,4.4,68.2,29.7,Thal ~45 cm; intermixed; 100% grass coverage
127,BB10_059,2010,6/17/2010,9:05,2.4,85,158.95,2,0,0.8,0,0.8,,40,NA,0.2,0,14195.2943,89.3067,2.4,1.95,14,1,5,-82.6846,28.6674,1,19,34.8,5.1,77,32.1,Syr 40 cm; Sand patches; no hi def vid
128,BB10_062,2010,6/24/2010,11:50,1,40,74.8,1,0.92,0,0.03,0.95,30,20,NA,0.05,0,33122.3533,442.8122,1,0.62,7.1,1,5,-83.3596,29.4924,0,25.4,44.5,5.7,86.4,30.7,"Thal 30cm; Hal 20cm mostly in small patches,estimated from vis survey; Sand mostly  small patches. Compare hd and aqua"
129,BB10_064,2010,6/15/2010,11:35,3,89,166.43,2,0.95,0,0,0.95,25,NA,NA,0.05,0,56781.177,341.1715,3,7.91,6.6,1,5,-82.7854,28.4198,1,30.4,53.2,5.8,92.4,31.8,Thal 20-30 cm; Sand/Algae patch small
130,BB10_065,2010,7/6/2010,14:10,3.8,86,160.82,2,0.55,0.02,0,0.57,20,30,NA,0.43,0,0,0,,11.5,6.2,1,5,-83.9556,29.9311,0,30.6,50.1,6.7,101,28.5,Thal 10-30cm; Syr 30cm; sand inter w/ few patches
131,BB10_066,2010,7/7/2010,12:00,2,102,190.74,1,0.2,0.8,0,1,50,50,NA,0,0,14195.2943,74.4222,2,2.77,3.1,1,5,-83.989,30.0479,0,21.6,36.9,6.4,92.6,28.3,Tha and Syr ~50 cm; intermixed in sm patches. Grass is thin with sparse lg sand patches
132,BB10_067,2010,6/21/2010,12:00,2.4,89,166.43,2,0.85,0.05,0,0.9,30,30,NA,0.1,0,23658.8238,142.1548,2.4,11.58,0.2,2,1,-82.8273,28.7813,1,29.1,50.5,6.3,99.3,31,Tha and Syr 20-40 cm interspersed; sand patches
133,BB10_070,2010,6/23/2010,11:30,2.2,80,149.6,1,0,0.65,0,0.65,,40,NA,0.35,0,757.0824,5.0607,NA,2.05,5,5,1,-82.8263,29.0584,1,22.7,40.3,6.2,95.1,30.4,Syr 30-50 cm est from Aqua Vu; sand mainly interspersed w/some patches
134,BB10_072,2010,6/14/2010,15:00,2.9,81,151.47,2,0.1,0.85,0,0.95,50,50,NA,0.05,0,75708.236,499.8233,2.9,3.08,4.2,6,3,-82.7954,28.2397,1,32.5,56.7,6.2,101.2,32,syr (40-60cm); sand patches
135,BB10_073,2010,7/7/2010,15:25,3.5,102,190.74,2,0.6,0.05,0,0.65,25,35,NA,0.35,0,7570.8236,39.6919,NA,10.73,4.6,1,5,-84.0034,29.9645,0,26.5,44.1,7.6,96.6,28.7,Thal 20-30cm;Syr 30-40cm; SG separated; sand inter w/large patches; sponge reefs in video
136,BB10_074,2010,7/7/2010,17:00,1,129,241.23,1,0.1,0.55,0,0.65,50,50,NA,0.35,0,17034.3531,70.6146,1,2.61,6.4,1,5,-83.9582,30.0306,0,19.3,33.7,7.5,111.2,29.1,"Thal/Syr 40-60cm, mostly separate; sand inter w/some patches"
137,BB10_075,2010,6/21/2010,10:40,1.5,83,155.21,2,0.2,0.7,0,0.9,35,35,NA,0.1,0,2839.0589,18.2917,1.5,7.68,5.2,2,1,-82.775,28.7778,1,28.8,49.6,5.8,91.2,30.6,Thal and Syr 30-40 cm; Syr interspersed w/ Thal and Lg Syr only patches; Sand in patches
138,BB10_077,2010,7/2/2010,11:00,1.2,119,222.53,1,0.7,0,0.02,0.72,40,NA,10,0.28,0,14195.2943,63.7905,NA,2.31,2.8,1,5,-83.4263,29.5518,0,,,,,,Thal 30-50cm; HAWR 10cm in sandy patches; sand mainly inter w/some patches
139,BB10_079,2010,6/21/2010,8:15,2.2,86,160.82,2,0.5,0.5,0,1,50,50,NA,0,0,1892.7059,11.7691,2.2,3.76,6.2,1,2,-82.759,28.8771,1,26.9,46.2,5.2,80.7,30.5,Thal and Syr 40-60 cm; Lg patches
140,BB10_081,2010,7/2/2010,11:50,0.8,51,95.37,1,0.8,0.1,0,0.9,50,50,NA,0.1,0,123025.8835,1289.9851,0.8,1.34,3,1,5,-83.422,29.5946,0,,,,,,Thal/Syr 40-60cm; sand in patches; sand patches filled w/drift algae
141,BB10_083,2010,6/21/2010,14:00,2.1,87,162.69,2,0.9,0,0,0.9,35,NA,NA,0.1,0,1892.7059,11.6338,2.1,6.48,3,1,2,-82.799,28.845,1,29.5,51.5,8,123,31.5,Thal 20-50 cm; Sand sm to md patches
142,BB10_084,2010,6/14/2010,15:55,3.1,90,168.3,2,0,1,0,1,,55,NA,0,0,18927.059,112.4602,3.1,2.96,1,6,3,-82.8113,28.2139,1,33.6,59,6.7,109.9,32.1,Syr 50-60 cm; Insignificant Thal presence
143,BB10_085,2010,6/29/2010,9:30,2.5,99,185.13,1,0.35,0.25,0.05,0.65,35,35,10,0.35,0,14195.2943,76.6774,2.5,6.19,4.8,1,5,-83.8252,29.9229,0,27.2,47.8,4.9,77.4,31.4,Thal/Syr 30-40cm; HAWR 10cm in patches; sand mostly inter w/some large patches; tow distance based on Jimmy segment average
144,BB10_087,2010,6/16/2010,17:09,1.7,90,168.3,2,0.08,0,0.02,0.1,5,NA,5,0.8,0.1,94635.295,562.3012,1.7,1.42,14,1,5,-82.6828,28.5269,1,16,30.6,6.7,100.3,33.4,"Hal and Thal ~5 cm; 10% sargassum clumps, video of habitat may not be useful"
145,BB10_088,2010,6/15/2010,7:55,2.8,83,155.21,2,0.8,0.2,0,1,50,50,NA,0,0,37854.118,243.8897,2.8,10.87,2.5,6,1,-82.8276,28.3732,1,33.3,57.1,5.3,86,31.2,Thal 40-60 cm; Syr 40-60cm interspersed; Insignificant sand patches
146,BB10_089,2010,7/6/2010,14:40,2,100,187,1,0.5,0.15,0,0.65,40,40,NA,0.35,0,9463.5295,50.6071,NA,8.13,9.8,1,5,-83.9531,29.9644,0,25.6,42.9,6.8,102.1,28.8,"Thal/Syr 30-50cm, seperated; sand inter w/patches"
147,BB10_090,2010,6/30/2010,6:00,4.8,97,181.39,1,0.2,0.35,0,0.55,35,35,NA,0.4,0.05,0,0,NA,10.14,1.1,1,5,-83.7899,29.8668,0,31.1,53.8,6,95.8,31.4,"Thal/Syr 30-40cm; sand inter & patches; Grass looks in bad shape, murky water"
148,BB10_092,2010,6/16/2010,9:10,3,79,147.73,2,0.45,0.35,0,0.8,30,30,NA,0.2,0,33122.3533,224.2087,3,15.79,0,1,5,-82.8271,28.5506,1,28,49.2,5.4,86.5,31.6,Thal and Syr 25-35 cm interspersed; drift algae patches
149,BB10_093,2010,7/6/2010,12:50,2.1,83,155.21,1,,,,,,NA,NA,,,1892.7059,12.1945,,4.91,11.4,1,5,-83.9116,29.9781,0,22,37.5,6.3,88.5,27.8,no video (tape runs black -- maybe bad connection)
150,BB10_094,2010,6/24/2010,10:15,1.7,87,162.69,1,0.02,0.9,0,0.92,55,55,NA,0.08,0,1892.7059,11.6338,1.7,3.73,2.5,1,5,-83.3334,29.4326,0,25.2,43.8,6.1,93,30.2,"Syr and Thal 50-60 cm, one Thal patch + some inter; Sand mostly from lg patch at end w/some inter"
151,BB10_096,2010,6/15/2010,13:45,2.8,77,143.99,2,0.25,0,0.25,0.5,17.5,17.5,NA,0.5,0,94635.295,657.2352,2.8,5.04,9.8,5,1,-82.7534,28.4223,1,28.5,50.6,5.8,92.1,32.4,Thal and Hal 15-20 cm; interspersed. Sand interspersed and patches
152,BB10_098,2010,7/1/2010,10:45,1.1,92,172.04,1,0,0.25,0,0.25,,35,NA,0.7,0.05,94635.295,550.0773,1.1,1.26,10.6,1,5,-83.6953,29.9121,0,25.2,32.4,4.4,64.5,28.2,Syr 30-40cm; sand patches & inter
153,BB10_099,2010,6/17/2010,15:45,0.5,73,136.51,2,0.8,0,0.15,0.95,40,20,NA,0.05,0,37854.118,277.2992,0.5,2.4,10.5,2,1,-82.7209,28.7887,1,29.1,54.1,11.8,201.3,35,Thal 30-50 cm; Hal 20cm; patches. Sand lg patches
154,BB10_100,2010,6/16/2010,12:50,2.4,70,130.9,2,0.95,0,0,0.95,35,NA,NA,0.05,0,18927.059,144.5917,2.4,10.54,5.3,1,5,-82.7726,28.6072,1,25.1,45.4,6.2,99.2,32.6,Thal 30-40 cm; Sand sm patches. Trawled sm strip of SG in Lg sect of drift algae
155,BB10_101,2010,6/30/2010,19:00,2,91,170.17,1,0.5,0.3,0,0.8,35,35,NA,0.2,0,5678.1177,33.3673,2,3.4,1.8,1,5,-83.6513,29.8308,0,,52.2,7.6,116.3,31.1,"Thal/Syr 30-40cm, SG in dense patches w/large sand patches; can see trawl tracks in sand on video @ 19:50 (trawl 1) and 19:59 (trawl 2)"
156,BB10_103,2010,6/16/2010,15:10,2,91,170.17,2,0.9,0,0,0.9,10,NA,NA,0.1,0,37854.118,222.4488,2,4.3,11.5,1,5,-82.709,28.6309,1,21.8,40.6,6.8,108.8,33.4,"Thal 10cm; Thal and sand mostly inter w/ some patches. Trawled pulled 230m from site, otherwise all macroalgae"
157,BB10_104,2010,6/14/2010,11:15,2.5,85,158.95,2,0.65,0,0,0.65,12.5,NA,NA,0.35,0,28390.5885,178.6133,2.5,3.99,8.9,1,5,-82.7701,28.3364,1,34.3,58.8,5.8,95.6,31.6,Thal 10-15 cm; Thal and sand mixed and inter
158,BB10_106,2010,7/1/2010,10:15,2,109,203.83,1,0.35,0.3,0,0.65,50,50,NA,0.35,0,18927.059,92.8571,NA,3.83,8.1,1,5,-83.7095,29.8918,0,29,48.4,5.3,81.8,28.5,Thal/Syr 40-60cm; sand mostly inter w/few patches
159,BB10_108,2010,6/17/2010,9:45,2,76,142.12,2,0.9,0.05,0,0.95,32.5,32.5,NA,0.05,0,4731.7648,33.2942,2,7.18,8.9,5,1,-82.7368,28.674,1,23,41.8,4.6,72,32.2,Thal and Syr 25-40 cm; Syr interspersed; Sand patches.HD video of Southern Sting Ray
160,BB10_110,2010,7/7/2010,14:45,1,115,215.05,1,0.05,0,0.05,0.1,10,NA,10,0.8,0.1,151416.472,704.0989,1,0.28,4.7,1,5,-84.0426,30.0959,0,14,24.9,9.3,140,30,"Thal/HAWR 10cm, separated; sand HUGE patches; Possible throw out. Not much grass on transect"
161,BB10_111,2010,6/21/2010,9:30,1,84,157.08,2,0.75,0,0.05,0.8,35,20,NA,0.2,0,18927.059,120.4931,1,2.08,9.4,1,5,-82.7332,28.8124,1,28.3,47.8,4.2,64.1,29.4,Thal 30-40 cm; Hal 20cm; Small patches of Hal; Sand mostly in patches w/some inter
162,BB10_113,2010,6/29/2010,10:15,3.5,88,164.56,1,,,,,,NA,NA,,,4731.7648,28.754,3.5,8.63,3.8,1,5,-83.8586,29.909,0,27.6,48.3,5.5,85.5,31.5,
163,BB10_114,2010,6/23/2010,13:50,0.8,84,157.08,2,0.9,0.03,0,0.93,12.5,20,NA,0.07,0,2839.0589,18.074,0.08,4.7,0.3,5,1,-83.0222,29.1238,0,29.5,51.6,6.9,112.6,32.4,"Thal 10-15 cm; Syr single patch 20cm; Sand med patches. Estimated from Aqua Vu, confirmed with snorkel"
164,BB10_116,2010,6/24/2010,10:45,3.3,100,187,2,0.8,0,0,0.8,15,NA,NA,0.2,0,66244.7065,354.2498,NA,8.92,4.7,1,5,-82.823,28.3316,1,34.7,52.9,6.3,102.8,31,Thal 10-20 cm; sand patches. Checktime on video (no ref shown) 1st vid
165,BB10_117,2010,7/6/2010,11:45,2.4,102,190.74,1,0.2,0.2,0,0.4,30,30,NA,0.5,0.1,14195.2943,74.4222,NA,4.19,11.3,1,5,-83.9282,29.9925,0,21.3,35.7,6.5,92.6,28.1,"Thal/Syr 30cm, separated; sand inter w/large patches"
166,BB10_120,2010,6/16/2010,11:30,2.5,77,143.99,2,0.3,0.6,0,0.9,45,45,NA,0.1,0,56781.177,394.3411,2.5,14.38,1.5,1,5,-82.8115,28.6035,1,28.6,51.2,5.4,86.6,32.5,Thal 40-50 cm; Syr inter and patch. Trawled SG patch in middle of otherwise heavy sponge grounds
167,BB10_121,2010,6/30/2010,15:00,4,101,188.87,1,0.3,0.6,0,0.9,30,30,NA,0.1,0,0,0,4,6.15,0.2,1,5,-83.6435,29.7375,0,29.6,45.9,5.9,93.5,31.1,Thal and Syr ~30cm; in separate patches not very thick beds. Sand patches
168,BB10_123,2010,6/17/2010,14:10,1.7,83,155.21,2,0.9,0,0,0.9,20,NA,NA,0.1,0,18927.059,121.9448,1.7,9.64,3.6,5,1,-82.7914,28.7474,1,28.5,51.7,7.2,117.4,33.5,Thal 15-25cm; Sand mainly sm with some large patches
169,BB10_125,2010,6/30/2010,10:10,1.5,68,127.16,1,0.9,0,0,0.9,35,NA,NA,0.1,0,28390.5885,223.2667,NA,0.22,6,1,5,-83.5813,29.7574,0,,,,,,Thal 30-40cm; sand in patches; depth measurement not taken -- inferred from bathymetric map (MapSource)
170,BB10_126,2010,7/7/2010,16:00,0.5,98,183.26,1,0.98,0,0,0.98,35,NA,NA,0.02,0,9463.5295,51.6399,0.5,1.49,0.9,1,5,-84.1723,30.0579,0,19.1,34.9,10.2,242,30.5,Thal 30-40cm; sand in small patches of thin SG
